id,user,text,target
1990144157,nrl007,"[('OMG', 'NOUN'), ('like', 'PREPOSITION OR CONJUNCTION'), ('a', 'DETERMINER'), ('3', 'NUMERAL'), ('hours', 'NOUN'), ('!', 'SENTENCE TERMINATOR'), ('Mitchels', 'NOUN'), ('CD', 'NOUN'), ('!', 'SENTENCE TERMINATOR'), ('woo', 'NOUN'), (',', 'COMMA'), ('but', 'CONJUNCTION'), ('not', 'ADVERB'), ('in', 'PREPOSITION OR CONJUNCTION'), ('australia', 'NOUN')]",0
1969075376,dropXdeadXkr,"[('Disneyland', 'NOUN'), ('tomorrow', 'NOUN'), ('goodnight', 'NOUN'), ('babes', 'NOUN')]",4
2190045348,aristocracy,"[('i', 'ADVERB'), ('just', 'ADVERB'), ('want', 'VERB'), ('to', 'TO'), ('give', 'VERB'), ('up', 'PARTICLE'), ('on', 'PREPOSITION OR CONJUNCTION'), ('this', 'DETERMINER'), ('.', 'SENTENCE TERMINATOR'), (""i'm"", 'NOUN'), ('nowhere', 'ADVERB'), ('NEAR', 'PREPOSITION OR CONJUNCTION'), ('the', 'DETERMINER'), ('minimum', 'ADJECTIVE OR NUMERAL'), ('word', 'NOUN'), ('limit', 'NOUN'), ('(', 'OPENING PARENTHESIS'), ('still', 'ADVERB'), ('1000', 'NUMERAL'), ('words', 'NOUN'), ('to', 'TO'), ('go', 'VERB'), (')', 'CLOSING PARENTHESIS'), (',', 'COMMA'), ('i', 'ADVERB'), ('have', 'VERB'), ('nothing', 'NOUN'), ('to', 'TO'), ('talk', 'VERB'), ('about', 'PREPOSITION OR CONJUNCTION'), (',', 'COMMA'), ('and', 'CONJUNCTION'), ('...', 'COLON OR ELLIPSIS')]",0
1981886573,Reason21,"[('@Miss_Ella_Baby', 'USERNAME'), ('disabled', 'VERB'), ('like', 'PREPOSITION OR CONJUNCTION'), ('a', 'DETERMINER'), ('mug', 'NOUN'), ('...', 'COLON OR ELLIPSIS')]",0
1833442358,PoeticJustice88,"[('http://bit.ly/3vo2Rh', 'URL'), ('a', 'DETERMINER'), ('poem', 'NOUN'), ('written', 'VERB'), ('by', 'PREPOSITION OR CONJUNCTION'), ('me', 'PRONOUN'), ('that', 'DETERMINER'), ('came', 'VERB'), ('to', 'TO'), ('me', 'PRONOUN'), ('in', 'PREPOSITION OR CONJUNCTION'), ('my', 'PRONOUN'), ('dreams', 'NOUN'), ('.', 'SENTENCE TERMINATOR'), ('check', 'VERB'), ('it', 'PRONOUN'), ('out', 'PARTICLE'), ('..', 'ADJECTIVE OR NUMERAL'), ('please', 'NOUN'), ('!', 'SENTENCE TERMINATOR')]",4
2002195774,mrstalkativeska,"[('After', 'PREPOSITION OR CONJUNCTION'), ('today', 'NOUN'), ('they', 'PRONOUN'), ('are', 'VERB'), ('all', 'DETERMINER'), ('half', 'ADJECTIVE OR NUMERAL'), ('days', 'NOUN'), ('sweet', 'SYMBOL'), ('-', 'COLON OR ELLIPSIS'), ('HopeKeepsUs', 'NOUN'), ('-', 'COLON OR ELLIPSIS')]",4
2053501420,princess967,"[('says', 'VERB'), ('happy', 'ADJECTIVE OR NUMERAL'), ('21st', 'NUMERAL'), ('monthsary', 'ADJECTIVE OR NUMERAL'), ('@prince967', 'USERNAME'), ('mwah', 'NOUN'), ('!', 'SENTENCE TERMINATOR'), ('http://plurk.com/p/yu7y3', 'URL')]",4
1976930914,njohari,"[('@chalith2001', 'USERNAME'), ('thanks', 'NOUN'), ('DEAR', 'NOUN'), ('!', 'SENTENCE TERMINATOR'), ('she', 'PRONOUN'), ('won', 'VERB'), (',', 'COMMA'), ('sub', 'ADJECTIVE OR NUMERAL'), ('9hr', 'NUMERAL'), (',', 'COMMA'), ('8h', 'NUMERAL'), ('46min', 'NUMERAL'), ('exactly', 'ADVERB'), ('!', 'SENTENCE TERMINATOR')]",4
2009797358,LarrfulBuck,"[('@angel9293', 'USERNAME'), ('hahaha', 'NOUN'), ('whateva', 'VERB'), ('it', 'PRONOUN'), ('was', 'VERB'), ('a', 'DETERMINER'), ('special', 'ADJECTIVE OR NUMERAL'), ('moment', 'NOUN'), ('for', 'PREPOSITION OR CONJUNCTION'), ('me', 'PRONOUN'), ('lol', 'VERB')]",4
1992845687,get_l00se,"[(""don't"", 'NOUN'), ('feel', 'VERB'), ('well', 'ADVERB')]",0
1685695355,NZAfro,"[('@ZeRyan66', 'USERNAME'), ('You', 'PRONOUN'), ('have', 'VERB'), ('homework', 'VERB'), ('to', 'TO'), ('do', 'VERB'), ('tonight', 'ADVERB'), (',', 'COMMA'), ('reminded', 'VERB'), ('.', 'SENTENCE TERMINATOR')]",4
1824916360,babyele,"[('had', 'VERB'), ('my', 'PRONOUN'), ('cold', 'ADJECTIVE OR NUMERAL'), ('shower', 'NOUN'), ('infused', 'VERB'), ('with', 'PREPOSITION OR CONJUNCTION'), ('salt', 'NOUN'), ('-', 'COLON OR ELLIPSIS'), ('feeling', 'NOUN'), ('fresh', 'ADJECTIVE OR NUMERAL'), ('and', 'CONJUNCTION'), ('human', 'ADJECTIVE OR NUMERAL'), ('once', 'ADVERB'), ('more', 'ADVERB'), ('.', 'SENTENCE TERMINATOR'), ('lunch', 'NOUN'), ('/', 'NOUN'), ('dinner', 'NOUN'), ('was', 'VERB'), ('hard', 'ADVERB'), ('boiled', 'VERB'), ('eggs', 'NOUN'), ('with', 'PREPOSITION OR CONJUNCTION'), ('fishball', 'NOUN'), ('soup', 'NOUN')]",4
2174835110,annclavio,"[('thanks', 'NOUN'), ('kuya', 'VERB'), ('jo', 'NOUN'), ('for', 'PREPOSITION OR CONJUNCTION'), ('my', 'PRONOUN'), ('lovely', 'ADJECTIVE OR NUMERAL'), ('new', 'ADJECTIVE OR NUMERAL'), ('shawl', 'NOUN'), ('!', 'SENTENCE TERMINATOR')]",4
2256150326,ashiena,"[('http://twitpic.com/7xdb1', 'URL'), ('-', 'COLON OR ELLIPSIS'), ('Time', 'NOUN'), ('to', 'TO'), ('make', 'VERB'), ('the', 'DETERMINER'), ('brim', 'NOUN'), ('!', 'SENTENCE TERMINATOR'), ('Its', 'PRONOUN'), ('a', 'DETERMINER'), ('bad', 'ADJECTIVE OR NUMERAL'), ('pic', 'NOUN')]",0
1835992009,kindlejunkie,"[('@futuredirected', 'USERNAME'), ('@ryking', 'USERNAME'), ('Thank', 'NOUN'), ('you', 'PRONOUN'), ('for', 'PREPOSITION OR CONJUNCTION'), ('your', 'PRONOUN'), ('concern', 'NOUN'), ('.', 'SENTENCE TERMINATOR'), ('Hubby', 'NOUN'), ('headed', 'VERB'), ('off', 'PARTICLE'), ('to', 'TO'), ('work', 'VERB'), ('this', 'DETERMINER'), ('morning', 'NOUN'), (',', 'COMMA'), ('feeling', 'VERB'), ('well-rested', 'ADJECTIVE OR NUMERAL'), ('and', 'CONJUNCTION'), ('injury-free', 'ADJECTIVE OR NUMERAL'), ('.', 'SENTENCE TERMINATOR')]",4
2068475364,Mousee,"[('omggg', 'NOUN'), ('...', 'COLON OR ELLIPSIS'), ('kate', 'NOUN'), ('was', 'VERB'), ('seen', 'VERB'), ('to', 'TO'), ('be', 'VERB'), ('winning', 'VERB'), ('...', 'COLON OR ELLIPSIS'), ('but', 'CONJUNCTION'), ('noo', 'ADVERB'), ('?', 'SENTENCE TERMINATOR'), ('!', 'SENTENCE TERMINATOR'), ('?', 'SENTENCE TERMINATOR'), ('!', 'SENTENCE TERMINATOR'), ('?', 'SENTENCE TERMINATOR'), ('yasmina', 'INTERJECTION'), ('!', 'SENTENCE TERMINATOR'), ('!', 'SENTENCE TERMINATOR'), ('!', 'SENTENCE TERMINATOR'), ('#apprentice', 'HASHTAG')]",0
1753341016,jameswoodcock,"[('@richard4481', 'USERNAME'), ('I', 'PRONOUN'), ('will', 'MODAL AUXILIARY'), ('contact', 'VERB'), ('them', 'PRONOUN'), ('Monday', 'NOUN'), ('and', 'CONJUNCTION'), ('see', 'VERB'), ('what', 'PRONOUN'), ('they', 'PRONOUN'), ('say', 'VERB'), ('...', 'COLON OR ELLIPSIS'), ('What', 'PRONOUN'), ('a', 'DETERMINER'), ('pain', 'NOUN'), ('Technology', 'NOUN'), (""doesn't"", 'NOUN'), ('seem', 'VERB'), ('to', 'TO'), ('last', 'ADJECTIVE OR NUMERAL'), ('5', 'NUMERAL'), ('minutes', 'NOUN'), ('these', 'DETERMINER'), ('days', 'NOUN'), ('.', 'SENTENCE TERMINATOR')]",0
1825363510,alexrapa,"[('@curtis', 'USERNAME'), ('I', 'PRONOUN'), ('miss', 'VERB'), ('you', 'PRONOUN')]",0
1469874654,frolixwifbunneh,"[('@jamiewamey', 'USERNAME'), ('Did', 'NOUN'), ('you', 'PRONOUN'), ('get', 'VERB'), ('coffee', 'VERB'), ('this', 'DETERMINER'), ('morning', 'NOUN'), ('?', 'SENTENCE TERMINATOR'), ('haha', 'NOUN')]",4
1563878947,Chaos33176,"[('@AshleeFord', 'USERNAME'), ('My', 'PRONOUN'), ('daddy', 'NOUN'), ('got', 'VERB'), ('to', 'TO'), ('many', 'ADJECTIVE OR NUMERAL'), ('kids', 'NOUN'), ('to', 'TO'), ('care', 'VERB'), (',', 'COMMA')]",0
2178341929,lewisreilly,"[('is', 'VERB'), ('not', 'ADVERB'), ('looking', 'VERB'), ('forward', 'ADVERB'), ('to', 'TO'), ('results', 'NOUN'), ('today', 'NOUN'), ('..', 'VERB'), ('bring', 'VERB'), ('on', 'PREPOSITION OR CONJUNCTION'), ('5pm', 'NUMERAL'), ('(', 'OPENING PARENTHESIS'), ('or', 'CONJUNCTION'), ('later', 'ADVERB'), (')', 'CLOSING PARENTHESIS')]",0
1976733866,BDiva89,"[('@juscallmejos', 'USERNAME'), ('Ur', 'NOUN'), ('life', 'NOUN'), ('is', 'VERB'), ('NOT', 'NOUN'), ('shitty', 'ADVERB'), ('!', 'SENTENCE TERMINATOR'), ('Lol', 'NOUN'), (',', 'COMMA'), ('u', 'ADJECTIVE OR NUMERAL'), ('betta', 'NOUN'), ('praise', 'NOUN'), ('Him', 'NOUN'), ('&', 'CONJUNCTION'), ('be', 'VERB'), ('thankful', 'ADJECTIVE OR NUMERAL')]",4
1962883317,twinklydave,"[('@mattmagic', 'USERNAME'), ('@shedfire', 'USERNAME'), ('just', 'ADVERB'), ('stretch', 'VERB'), ('the', 'DETERMINER'), ('thong', 'NOUN'), ('over', 'PREPOSITION OR CONJUNCTION'), ('your', 'PRONOUN'), ('shoulders', 'NOUN')]",4
2052408043,lilmisskeys,"[('@GIOVANNIthaKING', 'USERNAME'), ('you', 'PRONOUN'), ('will', 'MODAL AUXILIARY'), ('be', 'VERB'), ('okay', 'ADJECTIVE OR NUMERAL'), ('!', 'SENTENCE TERMINATOR'), ('dont', 'NOUN'), ('be', 'VERB'), ('posin', 'VERB'), ('for', 'PREPOSITION OR CONJUNCTION'), ('the', 'DETERMINER'), ('frame', 'NOUN'), ('then', 'ADVERB')]",4
1984493236,Ari978,"[('am', 'VERB'), ('leaving', 'VERB'), ('the', 'DETERMINER'), ('beach', 'NOUN'), ('.', 'SENTENCE TERMINATOR'), ('guess', 'NOUN'), (""i'll"", 'NOUN'), ('have', 'VERB'), ('to', 'TO'), ('work', 'VERB'), ('again', 'ADVERB'), ('now', 'ADVERB'), ('.', 'SENTENCE TERMINATOR'), ('blah', 'NOUN'), ('!', 'SENTENCE TERMINATOR')]",0
2003832926,Chaos33176,"[('@RocsiRabbit', 'USERNAME'), ('bring', 'VERB'), ('me', 'PRONOUN'), ('that', 'PREPOSITION OR CONJUNCTION'), ('breakfast', 'NOUN'), ('or', 'CONJUNCTION'), ('else', 'ADVERB'), ('(', 'OPENING PARENTHESIS'), ('those', 'DETERMINER'), ('pancakes', 'NOUN'), ('look', 'VERB'), ('so', 'ADVERB'), ('good', 'ADJECTIVE OR NUMERAL'), ('right', 'NOUN'), ('now', 'ADVERB'), (')', 'CLOSING PARENTHESIS')]",0
2067454213,jameswoodcock,"[('They', 'PRONOUN'), (""can't"", 'VERB'), ('predict', 'VERB'), ('the', 'DETERMINER'), ('weather', 'NOUN'), ('correctly', 'ADVERB'), (',', 'COMMA'), ('yet', 'ADVERB'), ('they', 'PRONOUN'), ('can', 'MODAL AUXILIARY'), ('predict', 'VERB'), ('it', 'PRONOUN'), ('in', 'PREPOSITION OR CONJUNCTION'), ('the', 'DETERMINER'), ('year', 'NOUN'), ('2080', 'NUMERAL'), ('!', 'SENTENCE TERMINATOR'), ('-', 'COLON OR ELLIPSIS'), ('http://is.gd/RVz7', 'URL'), ('-', 'COLON OR ELLIPSIS'), ('Am', 'VERB'), ('I', 'PRONOUN'), ('missing', 'VERB'), ('something', 'NOUN'), ('?', 'SENTENCE TERMINATOR')]",4
2190049467,aristocracy,"[(""i've"", 'NOUN'), ('got', 'VERB'), ('25', 'NUMERAL'), ('minutes', 'NOUN'), ('to', 'TO'), ('class', 'NOUN'), ('and', 'CONJUNCTION'), ('my', 'PRONOUN'), ('final', 'ADJECTIVE OR NUMERAL'), ('exam', 'NOUN'), ('.  ...', 'NOUN'), ('yeah', 'NOUN'), (',', 'COMMA'), ('giving', 'VERB'), ('up', 'PARTICLE'), ('for', 'PREPOSITION OR CONJUNCTION'), ('now', 'ADVERB'), ('.', 'SENTENCE TERMINATOR'), ('*', 'NOUN'), ('bangs', 'NOUN'), ('head', 'NOUN'), ('against', 'PREPOSITION OR CONJUNCTION'), ('wall', 'NOUN'), ('*', 'NOUN')]",0
1564267307,jameswoodcock,"[('@SuperKaylo', 'USERNAME'), ('www.yamahapkowner.com', 'NOUN'), ('if', 'PREPOSITION OR CONJUNCTION'), ('you', 'PRONOUN'), ('are', 'VERB'), ('curious', 'ADJECTIVE OR NUMERAL'), ('I', 'PRONOUN'), ('am', 'VERB'), ('a', 'DETERMINER'), ('gaming', 'NOUN'), ('Freelance', 'NOUN'), ('Journalist', 'NOUN'), ('as', 'PREPOSITION OR CONJUNCTION'), ('well', 'ADVERB'), ('...', 'COLON OR ELLIPSIS'), ('www.jameswoodcock.co.uk', 'NOUN')]",4
2189552712,Reason21,"[('@ProClub', 'USERNAME'), ('hah', 'NOUN'), ('.', 'SENTENCE TERMINATOR'), ('cant', 'ADJECTIVE OR NUMERAL'), ('fuck', 'NOUN'), ('with', 'PREPOSITION OR CONJUNCTION'), ('that', 'DETERMINER'), ('touchscreen', 'ADJECTIVE OR NUMERAL'), ('no', 'DETERMINER'), ('more', 'ADVERB'), ('...', 'COLON OR ELLIPSIS'), ('BB', 'NOUN'), ('BOLD', 'NOUN'), ('BABY', 'NOUN'), ('!', 'SENTENCE TERMINATOR')]",4
2192180255,princess967,"[('says', 'VERB'), ('damn', 'NOUN'), ('!', 'SENTENCE TERMINATOR'), ('allergies', 'NOUN'), ('acting', 'VERB'), ('up', 'PARTICLE'), ('again', 'ADVERB'), ('...', 'COLON OR ELLIPSIS'), ('boo', 'NOUN'), ('...', 'COLON OR ELLIPSIS'), ('really', 'ADVERB'), ('back', 'ADVERB'), ('in', 'PREPOSITION OR CONJUNCTION'), ('school', 'NOUN'), ('http://plurk.com/p/11deeq', 'URL')]",0
2061965455,Ari978,"[('@hermorrine', 'USERNAME'), ('At', 'PREPOSITION OR CONJUNCTION'), ('least', 'ADJECTIVE'), (""they're"", 'ADJECTIVE OR NUMERAL'), ('fixing', 'VERB'), ('it', 'PRONOUN'), (',', 'COMMA'), ('right', 'ADVERB'), ('?', 'SENTENCE TERMINATOR'), ('Enjoy', 'VERB'), ('the', 'DETERMINER'), ('vodka', 'NOUN'), (',', 'COMMA'), ('hon', 'NOUN'), ('.', 'SENTENCE TERMINATOR')]",4
2063495985,nrl007,"[('eating', 'VERB'), ('some', 'DETERMINER'), ('chocolate', 'NOUN'), ('and', 'CONJUNCTION'), ('strawberry', 'NOUN'), ('ice', 'NOUN'), ('cream', 'NOUN'), ('miley', 'NOUN'), ('about', 'PREPOSITION OR CONJUNCTION'), ('to', 'TO'), ('come', 'VERB'), ('on', 'PREPOSITION OR CONJUNCTION'), ('60', 'NUMERAL'), ('miutes', 'NOUN'), ('in', 'PREPOSITION OR CONJUNCTION'), ('a', 'DETERMINER'), ('minute', 'NOUN')]",4
2060101835,frolixwifbunneh,"[('Pete', 'NOUN'), (',', 'COMMA'), ('I', 'PRONOUN'), ('hate', 'VERB'), ('when', 'ADVERB'), ('you', 'PRONOUN'), (""don't"", 'VERB'), ('respond', 'VERB'), ('.', 'SENTENCE TERMINATOR'), ('Go', 'VERB'), ('screw', 'ADJECTIVE OR NUMERAL'), ('yourself', 'PRONOUN'), ('thanks', 'NOUN')]",4
1679069283,LarrfulBuck,"[('At', 'PREPOSITION OR CONJUNCTION'), ('a', 'DETERMINER'), ('glasses', 'VERB'), ('store', 'NOUN'), (',', 'COMMA'), ('they', 'PRONOUN'), (""don't"", 'VERB'), ('have', 'VERB'), ('Dolce', 'NOUN'), ('and', 'CONJUNCTION'), ('Gabanna', 'NOUN'), ('glasses', 'VERB'), ('here', 'ADVERB'), ('going', 'VERB'), ('to', 'TO'), ('different', 'ADJECTIVE OR NUMERAL'), ('stores', 'NOUN'), ('later', 'ADVERB'), ('tho', 'VERB'), ('!', 'SENTENCE TERMINATOR')]",0
2053473226,annclavio,"[('Soon', 'ADVERB'), (',', 'COMMA'), (""it'll"", 'ADJECTIVE OR NUMERAL'), ('be', 'VERB'), ('my', 'PRONOUN'), ('turn', 'NOUN'), ('!', 'SENTENCE TERMINATOR'), ('!', 'SENTENCE TERMINATOR'), ('!', 'SENTENCE TERMINATOR')]",4
2234930251,alexrapa,"[('@MaaKain', 'USERNAME'), ('Probably', 'ADVERB'), ('not', 'ADVERB'), ('since', 'PREPOSITION OR CONJUNCTION'), ('we', 'PRONOUN'), ('never', 'ADVERB'), ('talk', 'NOUN'), ('And', 'CONJUNCTION'), ('idk', 'NOUN'), ('I', 'PRONOUN'), ('think', 'VERB'), ('so', 'ADVERB'), ('.', 'SENTENCE TERMINATOR')]",0
1692820467,frolixwifbunneh,"[('@tinyvamp', 'USERNAME'), ('contests', 'NOUN'), ('sound', 'VERB'), ('fun', 'NOUN')]",4
2063667972,njohari,"[('another', 'DETERMINER'), ('interview', 'NOUN'), (',', 'COMMA'), ('another', 'DETERMINER'), ('failure', 'NOUN'), ('!', 'SENTENCE TERMINATOR'), (""what's"", 'ADJECTIVE OR NUMERAL'), ('new', 'ADJECTIVE OR NUMERAL'), ('...', 'COLON OR ELLIPSIS'), ('?', 'SENTENCE TERMINATOR')]",0
1834553400,lewisreilly,"[('Copeland', 'NOUN'), ('said', 'VERB'), ('to', 'TO'), ('ignore', 'VERB'), ('the', 'DETERMINER'), ('recent', 'ADJECTIVE OR NUMERAL'), ('past', 'ADJECTIVE OR NUMERAL'), ('paper', 'NOUN'), ('.', 'SENTENCE TERMINATOR'), ('focus', 'NOUN'), ('on', 'PREPOSITION OR CONJUNCTION'), ('the', 'DETERMINER'), ('one', 'NOUN'), ('with', 'PREPOSITION OR CONJUNCTION'), ('60', 'NUMERAL'), ('%', 'NOUN'), ('for', 'PREPOSITION OR CONJUNCTION'), ('question', 'NOUN'), ('1', 'NUMERAL')]",4
2206432292,Mousee,"[('@sammymcloughlin', 'USERNAME'), ('pffftt', 'NOUN'), ('..', 'NOUN'), ('Room', 'NOUN'), ('for', 'PREPOSITION OR CONJUNCTION'), ('me', 'PRONOUN'), ('in', 'PREPOSITION OR CONJUNCTION'), ('the', 'DETERMINER'), ('case', 'NOUN'), ('?', 'SENTENCE TERMINATOR'), ('?', 'SENTENCE TERMINATOR')]",0
2000316010,NZAfro,"[('@Jessums31', 'USERNAME'), ('http://en.wikipedia.org/wiki/Progeria', 'URL')]",0
2064728155,Ari978,"[('@30secondstomars', 'USERNAME'), ('That', 'DETERMINER'), ('song', 'NOUN'), ('is', 'VERB'), ('going', 'VERB'), ('to', 'TO'), ('be', 'VERB'), ('amazing', 'ADJECTIVE OR NUMERAL'), ('.', 'SENTENCE TERMINATOR'), (""Can't"", 'NOUN'), ('wait', 'VERB'), ('to', 'TO'), ('hear', 'VERB'), ('this', 'DETERMINER'), ('album', 'NOUN'), ('.', 'SENTENCE TERMINATOR')]",4
1988978179,nrl007,"[('@mileycyrus', 'USERNAME'), ('http://twitpic.com/67a0q', 'URL'), ('-', 'COLON OR ELLIPSIS'), ('hehe', 'NOUN'), ('i', 'NOUN'), ('love', 'VERB'), ('that', 'PREPOSITION OR CONJUNCTION'), ('iphone', 'NOUN'), ('app', 'NOUN')]",4
2321975562,princess967,"[('says', 'VERB'), ('Trojan', 'NOUN'), ('infested', 'VERB'), ('my', 'PRONOUN'), ('laptop', 'NOUN'), ('again', 'ADVERB'), ('...', 'COLON OR ELLIPSIS'), ('now', 'ADVERB'), ('im', 'VERB'), ('demoted', 'VERB'), ('http://plurk.com/p/13qr5k', 'URL')]",0
1691932031,Ari978,"[('@hermorrine', 'USERNAME'), ('Car', 'NOUN'), ('stereo', 'NOUN'), ('?', 'SENTENCE TERMINATOR'), ('?', 'SENTENCE TERMINATOR'), (""I'm"", 'NOUN'), ('sorry', 'NOUN'), (""she's"", 'NOUN'), ('still', 'ADVERB'), ('not', 'ADVERB'), ('feeling', 'VERB'), ('well', 'ADVERB'), ('.', 'SENTENCE TERMINATOR'), ('Poor', 'NOUN'), ('baby', 'NOUN'), ('.', 'SENTENCE TERMINATOR')]",0
2184363582,aristocracy,"[('@Jadity', 'USERNAME'), (':', 'COLON OR ELLIPSIS'), ('please', 'NOUN'), (""don't"", 'VERB'), ('die', 'NOUN'), ('from', 'PREPOSITION OR CONJUNCTION'), ('alcohol', 'NOUN'), ('exposure', 'NOUN'), ('.', 'SENTENCE TERMINATOR')]",0
1982626389,get_l00se,"[('lawl', 'NOUN'), ('.', 'SENTENCE TERMINATOR'), ('I', 'PRONOUN'), ('miss', 'VERB'), ('my', 'PRONOUN'), ('friends', 'NOUN'), ('already', 'ADVERB'), ('beach', 'VERB'), ('with', 'PREPOSITION OR CONJUNCTION'), ('rucker', 'NOUN'), (';D', 'NOUN')]",0
2219075569,babyele,"[('Feeling', 'VERB'), ('rather', 'ADVERB'), ('giddy', 'ADJECTIVE OR NUMERAL'), ('n', 'ADVERB'), ('nauseous', 'ADJECTIVE OR NUMERAL'), ('suddenly', 'ADVERB'), ('.', 'SENTENCE TERMINATOR')]",0
2012954064,Ari978,"[('@hermorrine', 'USERNAME'), ('three', 'NUMERAL'), ('bedrooms', 'NOUN'), ('...', 'COLON OR ELLIPSIS')]",4
1573699578,jameswoodcock,"[('@BinaryMoon', 'USERNAME'), ('Clean', 'ADJECTIVE OR NUMERAL'), ('license', 'NOUN'), (',', 'COMMA'), ('clean', 'ADJECTIVE OR NUMERAL'), ('designs', 'NOUN'), ('?', 'SENTENCE TERMINATOR'), ('Never', 'ADVERB'), ('a', 'DETERMINER'), (""'"", 'GENITIVE MARKER'), ('rushed', 'VERB'), (""'"", 'GENITIVE MARKER'), ('job', 'NOUN'), ('?', 'SENTENCE TERMINATOR')]",4
1794429355,babyele,"[('Bot', 'NOUN'), ('my', 'PRONOUN'), ('baju', 'NOUN'), ('kurong', 'NOUN'), (',', 'COMMA'), ('in', 'PREPOSITION OR CONJUNCTION'), ('red', 'ADJECTIVE OR NUMERAL'), ('and', 'CONJUNCTION'), ('a', 'DETERMINER'), ('jubah', 'NOUN'), ('in', 'PREPOSITION OR CONJUNCTION'), ('black', 'ADJECTIVE OR NUMERAL')]",4
2051437920,alexrapa,"[('Everyone', 'NOUN'), ('should', 'MODAL AUXILIARY'), ('know', 'VERB'), ('that', 'DETERMINER'), ('@primehex', 'USERNAME'), ('just', 'ADVERB'), ('beat', 'VERB'), ('my', 'PRONOUN'), ('ass', 'NOUN'), ('at', 'PREPOSITION OR CONJUNCTION'), ('checkers', 'NOUN')]",0
2174519330,annclavio,"[('blessings', 'NOUN'), ('are', 'VERB'), ('sure', 'ADJECTIVE OR NUMERAL'), ('when', 'ADVERB'), ('you', 'PRONOUN'), ('obey', 'VERB'), ('!', 'SENTENCE TERMINATOR')]",4
2188580410,BDiva89,"[('http://twitpic.com/7fil3', 'URL'), ('-', 'COLON OR ELLIPSIS'), ('i', 'NOUN'), ('LOVE', 'VERB'), ('this', 'DETERMINER'), ('pic', 'NOUN'), ('!', 'SENTENCE TERMINATOR'), ('We', 'PRONOUN'), ('so', 'ADVERB'), ('puuuurty', 'ADJECTIVE OR NUMERAL'), ('!', 'SENTENCE TERMINATOR')]",4
1827829558,Chaos33176,"[('@candireign', 'USERNAME'), ('i', 'NOUN'), ('just', 'ADVERB'), ('know', 'VERB'), ('...', 'COLON OR ELLIPSIS'), ('i', 'NOUN'), ('know', 'VERB'), ('!', 'SENTENCE TERMINATOR')]",4
1822360960,Ari978,"[('@tomofromearth', 'USERNAME'), (""I'm"", 'NOUN'), ('all', 'DETERMINER'), ('proud', 'NOUN'), ('of', 'PREPOSITION OR CONJUNCTION'), ('you', 'PRONOUN'), ('guys', 'VERB'), ('.', 'SENTENCE TERMINATOR'), ('Congrats', 'NOUN'), ('on', 'PREPOSITION OR CONJUNCTION'), ('being', 'VERB'), ('closer', 'ADJECTIVE'), ('to', 'TO'), ('done', 'VERB'), ('.', 'SENTENCE TERMINATOR')]",4
1979291892,aristocracy,"[('@L33Tdpunk', 'USERNAME'), ('...', 'COLON OR ELLIPSIS'), ('dude', 'NOUN'), ('.', 'SENTENCE TERMINATOR'), ('i', 'ADJECTIVE OR NUMERAL'), ('do', 'VERB'), ('that', 'DETERMINER'), ('too', 'ADVERB'), ('.', 'SENTENCE TERMINATOR'), ('i', 'ADJECTIVE OR NUMERAL'), ('miss', 'VERB'), ('seeing', 'VERB'), ('orion', 'NOUN'), ('hanging', 'VERB'), ('out', 'PARTICLE'), ('every', 'DETERMINER'), ('night', 'NOUN'), ('.', 'SENTENCE TERMINATOR'), ('it', 'PRONOUN'), ('feels', 'VERB'), ('like', 'PREPOSITION OR CONJUNCTION'), ('just', 'ADVERB'), ('last', 'ADJECTIVE OR NUMERAL'), ('month', 'NOUN'), ('he', 'PRONOUN'), ('was', 'VERB'), ('still', 'ADVERB'), ('around', 'PREPOSITION OR CONJUNCTION'), ('!', 'SENTENCE TERMINATOR')]",0
1957751714,Mousee,"[('@Its_Charlotte', 'USERNAME'), ('Yup', 'NOUN'), ('.', 'SENTENCE TERMINATOR')]",4
1983795211,Chaos33176,"[('@Dj_DUNDADA', 'USERNAME'), ('I', 'PRONOUN'), ('know', 'VERB'), ('bra', 'ADVERB'), ('...', 'COLON OR ELLIPSIS'), ('if', 'PREPOSITION OR CONJUNCTION'), ('I', 'PRONOUN'), ('take', 'VERB'), ('his', 'PRONOUN'), ('side', 'NOUN'), ('...', 'COLON OR ELLIPSIS'), ('arguement', 'NOUN'), ('with', 'PREPOSITION OR CONJUNCTION'), ('her', 'PRONOUN'), ('later', 'NOUN'), ('&', 'CONJUNCTION'), ('vice', 'NOUN'), ('versa', 'NOUN'), ('...', 'COLON OR ELLIPSIS'), ('but', 'CONJUNCTION'), ('if', 'PREPOSITION OR CONJUNCTION'), ('I', 'PRONOUN'), ('stay', 'VERB'), ('out', 'PREPOSITION OR CONJUNCTION'), ('...', 'COLON OR ELLIPSIS'), ('I', 'PRONOUN'), ('get', 'VERB'), ('the', 'DETERMINER'), ('same', 'ADJECTIVE OR NUMERAL'), ('results', 'NOUN'), ('Ima', 'NOUN'), ('luzr', 'NOUN')]",4
1974806522,Mousee,"[('Oh', 'INTERJECTION'), ('man', 'NOUN'), ('...', 'COLON OR ELLIPSIS'), (':|', 'VERB'), ('what', 'PRONOUN'), ('about', 'PREPOSITION OR CONJUNCTION'), ('stavros', 'ADJECTIVE OR NUMERAL'), ('flatley', 'NOUN'), ('and', 'CONJUNCTION'), ('poor', 'ADJECTIVE OR NUMERAL'), ('aiden', 'NOUN'), ('and', 'CONJUNCTION'), ('holly', 'ADVERB'), ('!', 'SENTENCE TERMINATOR'), ('!', 'SENTENCE TERMINATOR')]",0
2060642616,PoeticJustice88,"[('@TreyEley', 'USERNAME'), ('I', 'PRONOUN'), ('dont', 'VERB'), ('have', 'VERB'), ('300', 'NUMERAL'), ('.', 'SENTENCE TERMINATOR'), ('and', 'CONJUNCTION'), ('I', 'PRONOUN'), ('have', 'VERB'), ('never', 'ADVERB'), ('seen', 'VERB'), ('it', 'PRONOUN'), ('.', 'SENTENCE TERMINATOR')]",0
2226353226,Mousee,"[('I', 'PRONOUN'), ('hate', 'VERB'), ('the', 'DETERMINER'), ('people', 'NOUN'), ('who', 'PRONOUN'), ('work', 'VERB'), ('on', 'PREPOSITION OR CONJUNCTION'), ('the', 'DETERMINER'), ('roads', 'NOUN'), ('.', 'SENTENCE TERMINATOR')]",0
1967430082,alexrapa,"[('Bad', 'NOUN'), ('moods', 'NOUN'), ('are', 'VERB'), ('fun', 'NOUN'), ('.', 'SENTENCE TERMINATOR')]",0
2285715491,lewisreilly,"[('@SimonPorter', 'USERNAME'), ('lol', 'NOUN'), ('yeah', 'NOUN'), (',', 'COMMA'), ('to', 'TO'), ('the', 'DETERMINER'), ('MAX', 'NOUN'), ('.', 'SENTENCE TERMINATOR'), ('Sadly', 'ADVERB'), ('one', 'NUMERAL'), ('of', 'PREPOSITION OR CONJUNCTION'), ('the', 'DETERMINER'), ('machines', 'NOUN'), ('is', 'VERB'), ('running', 'VERB'), ('vista', 'NOUN'), ('(', 'OPENING PARENTHESIS'), ('@1', 'USERNAME'), ('.', 'SENTENCE TERMINATOR'), ('6GHz', 'NUMERAL'), (')', 'CLOSING PARENTHESIS'), ('so', 'ADVERB'), ('the', 'DETERMINER'), ('only', 'ADJECTIVE OR NUMERAL'), ('bit', 'NOUN'), ('thats', 'ADJECTIVE OR NUMERAL'), ('EXTREME', 'NOUN'), ('is', 'VERB'), ('the', 'DETERMINER'), ('lag', 'NOUN')]",0
1979296437,aristocracy,"[('last', 'ADJECTIVE OR NUMERAL'), ('night', 'NOUN'), ('was', 'VERB'), ('fantastic', 'ADJECTIVE OR NUMERAL'), (',', 'COMMA'), ('more', 'ADJECTIVE'), ('details', 'NOUN'), ('at', 'PREPOSITION OR CONJUNCTION'), ('11', 'NUMERAL'), ('.', 'SENTENCE TERMINATOR'), ('(', 'OPENING PARENTHESIS'), ('also', 'ADVERB'), (':', 'COLON OR ELLIPSIS'), ('not', 'ADVERB'), ('liking', 'VERB'), ('this', 'DETERMINER'), ('keyboard', 'NOUN'), ('.', 'SENTENCE TERMINATOR'), (""'"", 'CLOSING QUOTATION MARK'), ('tis', 'ADJECTIVE OR NUMERAL'), ('weeeeeeeeeird', 'NOUN'), ('.', 'SENTENCE TERMINATOR'), (')', 'CLOSING PARENTHESIS')]",4
2002295923,LarrfulBuck,"[('Woahhh', 'NOUN'), ('I', 'PRONOUN'), ('lost', 'VERB'), ('8', 'NUMERAL'), ('pounds', 'NOUN'), ('in', 'PREPOSITION OR CONJUNCTION'), ('one', 'NUMERAL'), ('week', 'NOUN'), (';', 'COLON OR ELLIPSIS'), ('I', 'PRONOUN'), ('was', 'VERB'), ('just', 'ADVERB'), ('trying', 'VERB'), ('to', 'TO'), ('be', 'VERB'), ('healthier', 'ADJECTIVE'), ('but', 'CONJUNCTION'), ('hey', 'ADJECTIVE OR NUMERAL'), (""I'll"", 'NOUN'), ('take', 'VERB'), ('it', 'PRONOUN'), ('!', 'SENTENCE TERMINATOR')]",4
2191681295,aristocracy,"[('1809', 'NUMERAL'), ('words', 'NOUN'), ('.', 'SENTENCE TERMINATOR'), (""i'm"", 'NOUN'), ('supposed', 'VERB'), ('to', 'TO'), ('have', 'VERB'), ('2500', 'NUMERAL'), ('.', 'SENTENCE TERMINATOR'), ('AHAHAHHAAHA', 'NOUN'), ('.', 'SENTENCE TERMINATOR'), ('whatever', 'DETERMINER'), ('.', 'SENTENCE TERMINATOR'), ('i', 'VERB'), (""don't"", 'ADJECTIVE OR NUMERAL'), ('care', 'VERB'), ('any', 'DETERMINER'), ('more', 'ADVERB'), ('.', 'SENTENCE TERMINATOR'), ('also', 'ADVERB'), (',', 'COMMA'), ('my', 'PRONOUN'), ('last', 'ADJECTIVE OR NUMERAL'), ('update', 'NOUN'), ('was', 'VERB'), ('888', 'NUMERAL')]",4
2265521438,princess967,"[('is', 'VERB'), ('back', 'ADVERB'), ('at', 'PREPOSITION OR CONJUNCTION'), ('the', 'DETERMINER'), ('dorm', 'NOUN'), ('and', 'CONJUNCTION'), ('facing', 'NOUN'), ('Pathology', 'NOUN'), ('http://plurk.com/p/12pc45', 'URL')]",0
1976753819,BDiva89,"[('@lovebscott', 'USERNAME'), ('Their', 'PRONOUN'), ('shoes', 'NOUN'), ('are', 'VERB'), ('FIERCE', 'ADJECTIVE OR NUMERAL'), ('!', 'SENTENCE TERMINATOR'), ('Completely', 'ADVERB'), ('shoegasmic', 'ADJECTIVE OR NUMERAL')]",4
1991511949,mrstalkativeska,"[('Need', 'NOUN'), ('jacket', 'NOUN'), ('so', 'ADVERB'), ('cold', 'VERB'), ('.', 'SENTENCE TERMINATOR'), ('And', 'CONJUNCTION'), ('i', 'NOUN'), ('have', 'VERB'), ('cold', 'VERB'), ('gym', 'NOUN'), ('all', 'DETERMINER'), ('next', 'ADJECTIVE OR NUMERAL'), ('class', 'NOUN'), ('-', 'COLON OR ELLIPSIS'), ('HopeKeepsUs', 'NOUN'), ('-', 'COLON OR ELLIPSIS')]",0
1880410866,alexrapa,"[('@primehex', 'USERNAME'), ('no', 'DETERMINER'), ('fuck', 'NOUN'), ('that', 'PREPOSITION OR CONJUNCTION'), (""don't"", 'VERB'), ('like', 'PREPOSITION OR CONJUNCTION'), ('lesbians', 'NOUN')]",0
2252735019,Mousee,"[('ok', 'NOUN'), ('.', 'SENTENCE TERMINATOR'), ('@tweetdeck', 'USERNAME'), ('STILL', 'NOUN'), ('not', 'ADVERB'), ('working', 'VERB'), ('even', 'ADVERB'), ('after', 'PREPOSITION OR CONJUNCTION'), ('uninstalling', 'VERB')]",0
2063224202,nrl007,"[('@billyraycyrus', 'USERNAME'), ('COME', 'NOUN'), ('TO', 'NOUN'), ('AUSTRALIA', 'NOUN'), ('WITH', 'NOUN'), ('MILEY', 'NOUN'), ('!', 'SENTENCE TERMINATOR')]",4
2205962592,Mousee,"[('o', 'NOUN'), ('ma', 'NOUN'), ('god', 'NOUN'), ('...', 'COLON OR ELLIPSIS'), ('my', 'PRONOUN'), ('4ft', 'NUMERAL'), ('10', 'NUMERAL'), ('nan', 'NOUN'), ('just', 'ADVERB'), ('punched', 'VERB'), ('me', 'PRONOUN'), ('in', 'PREPOSITION OR CONJUNCTION'), ('the', 'DETERMINER'), ('face', 'NOUN'), ('with', 'PREPOSITION OR CONJUNCTION'), ('an', 'DETERMINER'), ('apricot', 'NOUN'), ('and', 'CONJUNCTION'), ('then', 'ADVERB'), ('smeared', 'VERB'), ('it', 'PRONOUN'), ('all', 'DETERMINER'), ('over', 'PREPOSITION OR CONJUNCTION'), ('me', 'PRONOUN'), ('i', 'ADJECTIVE OR NUMERAL'), ('stink', 'VERB'), ('!', 'SENTENCE TERMINATOR'), ('!', 'SENTENCE TERMINATOR')]",0
2053177655,annclavio,"[('watching', 'VERB'), ('Iron', 'NOUN'), ('Chef', 'NOUN'), ('...', 'COLON OR ELLIPSIS'), ('Mario', 'NOUN'), ('Batali', 'NOUN'), ('vs', 'NOUN'), ('.', 'SENTENCE TERMINATOR'), ('Jamie', 'NOUN'), ('Oliver', 'NOUN'), ('!', 'SENTENCE TERMINATOR'), ('!', 'SENTENCE TERMINATOR'), ('!', 'SENTENCE TERMINATOR'), ('this', 'DETERMINER'), ('will', 'MODAL AUXILIARY'), ('be', 'VERB'), ('interesting', 'ADJECTIVE OR NUMERAL'), ('.', 'SENTENCE TERMINATOR')]",4
2188686527,PoeticJustice88,"[('@Hollywoodheat', 'USERNAME'), ('my', 'PRONOUN'), ('day', 'NOUN'), ('was', 'VERB'), ('great', 'ADJECTIVE OR NUMERAL'), ('!', 'SENTENCE TERMINATOR'), ('i', 'NOUN'), ('love', 'VERB'), ('spades', 'NOUN'), ('.', 'SENTENCE TERMINATOR'), ('im', 'ADJECTIVE OR NUMERAL'), ('good', 'ADJECTIVE OR NUMERAL'), ('.', 'SENTENCE TERMINATOR'), ('im', 'ADJECTIVE OR NUMERAL'), ('lookin', 'ADJECTIVE OR NUMERAL'), ('forward', 'NOUN'), ('to', 'TO'), ('tomorrow', 'NOUN'), ('.', 'SENTENCE TERMINATOR'), ('lol', 'NOUN'), ('.', 'SENTENCE TERMINATOR'), ('it', 'PRONOUN'), ('should', 'MODAL AUXILIARY'), ('be', 'VERB'), ('better', 'ADJECTIVE'), ('.', 'SENTENCE TERMINATOR')]",4
1990685644,jameswoodcock,"[('If', 'PREPOSITION OR CONJUNCTION'), ('you', 'PRONOUN'), ('have', 'VERB'), ('a', 'DETERMINER'), ('YouTube', 'NOUN'), ('account', 'NOUN'), (',', 'COMMA'), ('please', 'VERB'), ('register', 'NOUN'), ('on', 'PREPOSITION OR CONJUNCTION'), ('my', 'PRONOUN'), ('channel', 'NOUN'), ('to', 'TO'), ('monitor', 'VERB'), ('all', 'DETERMINER'), ('my', 'PRONOUN'), ('gaming', 'NOUN'), ('HD', 'NOUN'), ('features', 'VERB'), ('-', 'COLON OR ELLIPSIS'), ('http://is.gd/LrX9', 'URL'), ('-', 'COLON OR ELLIPSIS'), ('Please', 'VERB'), ('re-tweet', 'ADJECTIVE OR NUMERAL')]",4
1966236420,get_l00se,"[('lillians', 'NOUN'), ('pizza', 'VERB'), ('with', 'PREPOSITION OR CONJUNCTION'), ('the', 'DETERMINER'), ('fam', 'NOUN'), (',', 'COMMA'), ('the', 'DETERMINER'), ('collins', 'NOUN'), (',', 'COMMA'), ('autumn', 'NOUN'), (',', 'COMMA'), ('chelsea', 'NOUN'), (',', 'COMMA'), ('and', 'CONJUNCTION'), ('jr', 'NOUN'), ('so', 'ADVERB'), ('stoked', 'VERB')]",4
1990720659,lewisreilly,"[('is', 'VERB'), ('loving', 'VERB'), ('xna', 'NOUN'), ('.', 'SENTENCE TERMINATOR'), ('The', 'DETERMINER'), ('official', 'ADJECTIVE OR NUMERAL'), ('tutorial', 'ADJECTIVE OR NUMERAL'), ('however', 'ADVERB'), ('is', 'VERB'), ('voiced', 'VERB'), ('by', 'PREPOSITION OR CONJUNCTION'), ('the', 'DETERMINER'), ('most', 'ADVERB'), ('boringly', 'ADVERB'), ('slow', 'ADJECTIVE OR NUMERAL'), ('guy', 'NOUN'), ('ever', 'ADVERB'), ('-', 'COLON OR ELLIPSIS'), ('7', 'NUMERAL'), ('videos', 'NOUN'), ('&', 'CONJUNCTION'), ('all', 'DETERMINER'), ('he', 'PRONOUN'), ('has', 'VERB'), ('done', 'VERB'), ('is', 'VERB'), ('drawn', 'VERB'), ('a', 'DETERMINER'), ('sprite', 'NOUN')]",0
1957649380,twinklydave,"[(""sun's"", 'NOUN'), ('out', 'PARTICLE'), (',', 'COMMA'), ('temps', 'NOUN'), ('are', 'VERB'), ('up', 'ADVERB'), (',', 'COMMA'), ('wind', 'PREPOSITION OR CONJUNCTION'), (""isn't"", 'ADJECTIVE OR NUMERAL'), ('too', 'ADVERB'), ('bad', 'ADJECTIVE OR NUMERAL'), ('.', 'SENTENCE TERMINATOR'), ('think', 'VERB'), (""i'll"", 'ADJECTIVE OR NUMERAL'), ('spend', 'VERB'), ('the', 'DETERMINER'), ('afternoon', 'NOUN'), ('/', 'NOUN'), ('evening', 'NOUN'), ('riding', 'VERB'), ('over', 'PREPOSITION OR CONJUNCTION'), ('hills', 'NOUN'), ('and', 'CONJUNCTION'), ('dales', 'NOUN'), ('woop', 'VERB'), ('!', 'SENTENCE TERMINATOR')]",4
2288291886,ashiena,"[('@xo_rainbowbrite', 'USERNAME'), ('its', 'PRONOUN'), ('so', 'ADVERB'), ('sad', 'ADJECTIVE OR NUMERAL'), ('.', 'SENTENCE TERMINATOR'), ('Everything', 'VERB'), ('Kate', 'NOUN'), ('said', 'VERB'), (',', 'COMMA'), ('is', 'VERB'), ('how', 'ADVERB'), ('I', 'PRONOUN'), ('feel', 'VERB')]",0
1770897035,kindlejunkie,"[('@whyinthehell', 'USERNAME'), ('If', 'PREPOSITION OR CONJUNCTION'), (""it's"", 'ADJECTIVE OR NUMERAL'), ('any', 'DETERMINER'), ('consolation', 'NOUN'), (',', 'COMMA'), (""I'm"", 'NOUN'), ('mentally', 'ADVERB'), ('revisiting', 'VERB'), ('all', 'DETERMINER'), ('of', 'PREPOSITION OR CONJUNCTION'), ('my', 'PRONOUN'), ('favorite', 'ADJECTIVE OR NUMERAL'), ('times', 'NOUN'), ('smelling', 'VERB'), (""men's"", 'NOUN'), ('cologne', 'NOUN'), ('&', 'CONJUNCTION'), (""I'm"", 'NOUN'), ('all', 'DETERMINER'), ('a-tingle', 'ADJECTIVE OR NUMERAL'), (',', 'COMMA'), ('too', 'ADVERB'), ('.', 'SENTENCE TERMINATOR')]",4
2065119486,BDiva89,"[('Risin', 'NOUN'), (""'"", 'CLOSING QUOTATION MARK'), ('&', 'CONJUNCTION'), ('shinin', 'NOUN'), (""'"", 'CLOSING QUOTATION MARK'), ('...', 'COLON OR ELLIPSIS'), ('just', 'ADVERB'), ('had', 'VERB'), ('breakfast', 'VERB'), ('Shout', 'NOUN'), ('out', 'PREPOSITION OR CONJUNCTION'), ('2', 'NUMERAL'), ('@missladybb', 'USERNAME'), ('@songstress319', 'USERNAME'), ('&', 'CONJUNCTION'), ('@CutieQD', 'USERNAME'), (',', 'COMMA'), ('hope', 'VERB'), ('2', 'NUMERAL'), ('join', 'NOUN'), (""ya'll"", 'NOUN'), ('next', 'ADJECTIVE OR NUMERAL'), ('weekend', 'NOUN'), ('!', 'SENTENCE TERMINATOR')]",4
1685553831,babyele,"[('http://twitpic.com/4gwou', 'URL'), ('-', 'COLON OR ELLIPSIS'), ('And', 'CONJUNCTION'), ('his', 'PRONOUN'), ('daughter', 'NOUN'), ('!', 'SENTENCE TERMINATOR'), ('omg', 'NOUN'), ('...', 'COLON OR ELLIPSIS'), ('so', 'ADVERB'), ('cute', 'ADJECTIVE OR NUMERAL'), ('...', 'COLON OR ELLIPSIS'), ('Sharina', 'NOUN')]",4
2174766996,annclavio,"[('happy', 'ADJECTIVE OR NUMERAL'), ('for', 'PREPOSITION OR CONJUNCTION'), (""kuya's"", 'ADJECTIVE OR NUMERAL'), ('blessings', 'NOUN'), ('!', 'SENTENCE TERMINATOR'), ('God', 'NOUN'), ('is', 'VERB'), ('good', 'ADJECTIVE OR NUMERAL'), ('!', 'SENTENCE TERMINATOR'), ('Praise', 'NOUN'), ('Him', 'NOUN'), ('.', 'SENTENCE TERMINATOR')]",4
2070152697,BDiva89,"[('@kimberlinbolton', 'USERNAME'), ('Thank', 'NOUN'), ('u', 'ADJECTIVE OR NUMERAL'), ('Sasha', 'NOUN'), ('...', 'COLON OR ELLIPSIS'), ('u', 'ADJECTIVE OR NUMERAL'), ('kno', 'NOUN'), ('we', 'PRONOUN'), (""don't"", 'VERB'), ('play', 'VERB'), ('that', 'DETERMINER'), ('.', 'SENTENCE TERMINATOR')]",4
1994082203,jameswoodcock,"[('@SuperKaylo', 'USERNAME'), ('Who', 'PRONOUN'), ('needs', 'VERB'), ('1080p', 'NUMERAL'), ('When', 'ADVERB'), ('will', 'MODAL AUXILIARY'), ('Sony', 'NOUN'), ('learn', 'NOUN'), ('!', 'SENTENCE TERMINATOR')]",4
1980516024,Ari978,"[('@ryanstar', 'USERNAME'), ('lmao', 'NOUN'), ('!', 'SENTENCE TERMINATOR'), ('You', 'PRONOUN'), ('bad', 'ADJECTIVE OR NUMERAL'), ('boy', 'NOUN'), ('!', 'SENTENCE TERMINATOR'), (""Don't"", 'NOUN'), ('scare', 'VERB'), ('the', 'DETERMINER'), ('nice', 'ADJECTIVE OR NUMERAL'), ('TSA', 'NOUN'), ('people', 'NOUN'), ('.', 'SENTENCE TERMINATOR')]",4
2175943561,twinklydave,"[('oh', 'INTERJECTION'), ('sh1t', 'NOUN'), ('that', 'DETERMINER'), ('looks', 'VERB'), ('hard', 'ADJECTIVE OR NUMERAL'), (':', 'COLON OR ELLIPSIS'), ('http://tinyurl.com/kpc997', 'URL'), ('really', 'ADVERB'), ('looking', 'VERB'), ('forward', 'ADVERB'), ('to', 'TO'), ('it', 'PRONOUN'), ('though', 'PREPOSITION OR CONJUNCTION'), ('.', 'SENTENCE TERMINATOR'), ('proper', 'ADJECTIVE OR NUMERAL'), ('mental', 'ADJECTIVE OR NUMERAL'), ('stuff', 'NOUN')]",4
1982383372,twinklydave,"[('the', 'DETERMINER'), ('problem', 'NOUN'), ('with', 'PREPOSITION OR CONJUNCTION'), ('opening', 'VERB'), ('the', 'DETERMINER'), ('back', 'ADJECTIVE OR NUMERAL'), ('door', 'NOUN'), ('when', 'ADVERB'), ('the', 'DETERMINER'), (""weather's"", 'NOUN'), ('this', 'DETERMINER'), ('nice', 'NOUN'), ('is', 'VERB'), ('that', 'PREPOSITION OR CONJUNCTION'), ('the', 'DETERMINER'), ('house', 'NOUN'), ('now', 'ADVERB'), ('smells', 'VERB'), ('of', 'PREPOSITION OR CONJUNCTION'), ('other', 'ADJECTIVE OR NUMERAL'), (""people's"", 'ADJECTIVE OR NUMERAL'), ('BBQs', 'NOUN'), ('hungry', 'NOUN'), ('now', 'ADVERB'), ('!', 'SENTENCE TERMINATOR')]",0
1989329055,lewisreilly,"[('Is', 'VERB'), ('this', 'DETERMINER'), ('a', 'DETERMINER'), ('dagger', 'NOUN'), ('which', 'DETERMINER'), ('I', 'PRONOUN'), ('see', 'VERB'), ('before', 'PREPOSITION OR CONJUNCTION'), ('me', 'PRONOUN'), (',', 'COMMA'), ('The', 'DETERMINER'), ('handle', 'NOUN'), ('toward', 'PREPOSITION OR CONJUNCTION'), ('my', 'PRONOUN'), ('hand', 'NOUN'), ('?', 'SENTENCE TERMINATOR'), ('..', 'NOUN'), ('NO', 'NOUN'), (',', 'COMMA'), ('its', 'PRONOUN'), ('a', 'DETERMINER'), ('can', 'MODAL AUXILIARY'), ('opener', 'VERB'), ('which', 'DETERMINER'), (""won't"", 'NOUN'), ('open', 'VERB'), ('my', 'PRONOUN'), ('bloody', 'NOUN'), ('soup', 'NOUN')]",0
1989500839,twinklydave,"[('but', 'CONJUNCTION'), ('why', 'ADVERB'), ('put', 'VERB'), ('clip', 'PARTICLE'), ('art', 'NOUN'), ('on', 'PREPOSITION OR CONJUNCTION'), ('your', 'PRONOUN'), ('website', 'NOUN'), ('?', 'SENTENCE TERMINATOR'), ('!', 'SENTENCE TERMINATOR'), ('why', 'ADVERB'), ('when', 'ADVERB'), ('i', 'NOUN'), ('spent', 'VERB'), ('ages', 'NOUN'), ('getting', 'VERB'), ('it', 'PRONOUN'), ('all', 'DETERMINER'), ('working', 'VERB'), ('and', 'CONJUNCTION'), ('looking', 'VERB'), ('nice', 'ADJECTIVE OR NUMERAL'), (',', 'COMMA'), ('why', 'ADVERB'), ('ruin', 'VERB'), ('it', 'PRONOUN'), ('with', 'PREPOSITION OR CONJUNCTION'), ('tacky', 'ADJECTIVE OR NUMERAL'), ('crap', 'NOUN'), ('?', 'SENTENCE TERMINATOR'), ('!', 'SENTENCE TERMINATOR')]",0
1824953584,nrl007,"[('Watching', 'VERB'), ('Rove', 'NOUN'), ('Hamish', 'NOUN'), ('and', 'CONJUNCTION'), ('Andy', 'NOUN'), ('are', 'VERB'), ('on', 'PREPOSITION OR CONJUNCTION'), ('tonight', 'NOUN')]",4
2066538987,annclavio,"[('had', 'VERB'), ('a', 'DETERMINER'), ('great', 'ADJECTIVE OR NUMERAL'), ('time', 'NOUN'), ('talking', 'VERB'), ('with', 'PREPOSITION OR CONJUNCTION'), ('casey', 'NOUN'), ('...', 'COLON OR ELLIPSIS')]",4
1971901461,njohari,"[('will', 'MODAL AUXILIARY'), ('take', 'VERB'), ('a', 'DETERMINER'), ('break', 'NOUN'), ('for', 'PREPOSITION OR CONJUNCTION'), ('awhile', 'ADJECTIVE OR NUMERAL'), ('before', 'PREPOSITION OR CONJUNCTION'), ('training', 'VERB'), ('again', 'ADVERB'), ('!', 'SENTENCE TERMINATOR'), (""body's"", 'NOUN'), ('still', 'ADVERB'), ('tired', 'VERB'), ('and', 'CONJUNCTION'), ('sore', 'ADVERB'), ('..', 'NOUN')]",0
1984816475,mrstalkativeska,"[('Swimming', 'NOUN'), ('is', 'VERB'), ('fun', 'ADJECTIVE OR NUMERAL'), ('-', 'COLON OR ELLIPSIS'), ('HopeKeepsUs', 'NOUN'), ('-', 'COLON OR ELLIPSIS')]",4
2068237855,frolixwifbunneh,"[('Workwork', 'NOUN'), ('and', 'CONJUNCTION'), ('no', 'DETERMINER'), ('pete', 'NOUN'), ('.', 'SENTENCE TERMINATOR'), ('Fuckface', 'NOUN')]",4
1979613368,NZAfro,"[('@katofawesome', 'USERNAME'), ('Yes', 'INTERJECTION'), (',', 'COMMA'), ('but', 'CONJUNCTION'), ('I', 'PRONOUN'), ('try', 'VERB'), ('not', 'ADVERB'), ('to', 'TO'), ('confuse', 'VERB'), ('people', 'NOUN'), ('even', 'ADVERB'), ('more', 'ADVERB'), ('.', 'SENTENCE TERMINATOR'), ('NERD', 'NOUN'), ('!', 'SENTENCE TERMINATOR'), ('Nerd', 'NOUN'), ('girls', 'NOUN'), ('are', 'VERB'), ('hot', 'ADJECTIVE OR NUMERAL'), ('though', 'PREPOSITION OR CONJUNCTION'), ('.', 'SENTENCE TERMINATOR'), (';)', 'NOUN'), ('I', 'PRONOUN'), ('think', 'VERB'), ('mine', 'NOUN'), ('is', 'VERB'), ('only', 'ADVERB'), ('1000GB', 'NUMERAL'), ('though', 'PREPOSITION OR CONJUNCTION'), ('.', 'SENTENCE TERMINATOR')]",4
1572959436,annclavio,"[('Thank', 'NOUN'), ('you', 'PRONOUN'), ('God', 'NOUN'), ('for', 'PREPOSITION OR CONJUNCTION'), ('the', 'DETERMINER'), ('rain', 'NOUN'), ('!', 'SENTENCE TERMINATOR')]",4
1468164478,annclavio,"[('leave', 'VERB'), ('the', 'DETERMINER'), ('irreparable', 'ADJECTIVE OR NUMERAL'), ('past', 'NOUN'), ('in', 'PREPOSITION OR CONJUNCTION'), (""God's"", 'NOUN'), ('hands', 'NOUN'), ('and', 'CONJUNCTION'), ('step', 'VERB'), ('out', 'ADVERB'), ('into', 'PREPOSITION OR CONJUNCTION'), ('the', 'DETERMINER'), ('irresistible', 'ADJECTIVE OR NUMERAL'), ('future', 'NOUN'), ('with', 'PREPOSITION OR CONJUNCTION'), ('Him', 'NOUN'), ('!', 'SENTENCE TERMINATOR')]",4
2002900668,njohari,"[('sports', 'NOUN'), ('massage', 'NOUN'), ('good', 'ADJECTIVE OR NUMERAL'), ('.', 'SENTENCE TERMINATOR')]",4
1753918809,njohari,"[('gave', 'VERB'), ('the', 'DETERMINER'), ('bikes', 'NOUN'), ('a', 'DETERMINER'), ('thorough', 'ADJECTIVE OR NUMERAL'), ('wash', 'NOUN'), (',', 'COMMA'), ('degrease', 'VERB'), ('it', 'PRONOUN'), ('and', 'CONJUNCTION'), ('grease', 'VERB'), ('it', 'PRONOUN'), ('.', 'SENTENCE TERMINATOR'), ('think', 'VERB'), ('i', 'NOUN'), ('did', 'VERB'), ('a', 'DETERMINER'), ('really', 'ADVERB'), ('good', 'ADJECTIVE OR NUMERAL'), ('job', 'NOUN'), ('!', 'SENTENCE TERMINATOR')]",4
2233737809,NZAfro,"[('@dnajd', 'USERNAME'), ('I', 'PRONOUN'), ('wanted', 'VERB'), ('to', 'TO'), ('be', 'VERB'), ('your', 'PRONOUN'), ('1000th', 'NUMERAL'), ('.', 'SENTENCE TERMINATOR')]",0
2059096577,Reason21,"[('@Jon_Tran', 'USERNAME'), ('those', 'DETERMINER'), ('headaches', 'NOUN'), ('b', 'VERB'), ('no', 'DETERMINER'), ('joke', 'NOUN')]",0
1559611461,lilmisskeys,"[('@ThePeacebreaker', 'USERNAME'), ('yea', 'NOUN'), ('righttttt', 'NOUN')]",4
1676551617,kindlejunkie,"[('@leewaters', 'USERNAME'), ('I', 'PRONOUN'), (""don't"", 'VERB'), ('know', 'VERB'), ('the', 'DETERMINER'), ('show', 'NOUN'), (',', 'COMMA'), ('but', 'CONJUNCTION'), ('I', 'PRONOUN'), ('remember', 'VERB'), ('the', 'DETERMINER'), ('character', 'NOUN'), ('from', 'PREPOSITION OR CONJUNCTION'), ('Cheers', 'NOUN'), ('.', 'SENTENCE TERMINATOR'), ('I', 'PRONOUN'), ('guess', 'VERB'), ('the', 'DETERMINER'), ('show', 'NOUN'), (""wouldn't"", 'ADJECTIVE OR NUMERAL'), ('work', 'NOUN'), ('if', 'PREPOSITION OR CONJUNCTION'), ('he', 'PRONOUN'), ('was', 'VERB'), ('blissful', 'ADJECTIVE OR NUMERAL'), ('in', 'PREPOSITION OR CONJUNCTION'), ('Capri', 'NOUN'), ('.', 'SENTENCE TERMINATOR')]",0
2176336198,jameswoodcock,"[('@Spidermatt', 'USERNAME'), ('Exactly', 'ADVERB'), ('!', 'SENTENCE TERMINATOR')]",4
2177554189,princess967,"[('is', 'VERB'), ('using', 'VERB'), ('LAN', 'NOUN'), ('to', 'TO'), ('access', 'NOUN'), ('the', 'DETERMINER'), ('internet', 'NOUN'), ('how', 'ADVERB'), ('POSER', 'NOUN'), ('AM', 'VERB'), ('I', 'PRONOUN'), ('!', 'SENTENCE TERMINATOR'), ('http://plurk.com/p/113nma', 'URL')]",0
1962029123,lewisreilly,"[('http://wave.google.com/', 'URL'), ('<3', 'NOUN'), ('Google', 'NOUN'), ('...', 'COLON OR ELLIPSIS'), ('wish', 'ADJECTIVE OR NUMERAL'), (""they'd"", 'NOUN'), ('spend', 'VERB'), ('a', 'DETERMINER'), ('bit', 'NOUN'), ('more', 'ADJECTIVE'), ('time', 'NOUN'), ('adding', 'VERB'), ('bits', 'NOUN'), ('to', 'TO'), ('Chrome', 'NOUN'), ('though', 'PREPOSITION OR CONJUNCTION')]",0
2053080713,alexrapa,"[('Fuck', 'NOUN'), ('fuck', 'NOUN'), ('fuck', 'NOUN'), ('fuck', 'NOUN'), ('fuck', 'NOUN'), ('fuck', 'NOUN')]",0
2051407885,frolixwifbunneh,"[('Bdubs', 'NOUN'), ('with', 'PREPOSITION OR CONJUNCTION'), ('Lindsey', 'NOUN'), ('and', 'CONJUNCTION'), ('Amanda', 'NOUN')]",4
2053022842,Mousee,"[('hates', 'NOUN'), ('jjb', 'NOUN'), (',', 'COMMA'), ('the', 'DETERMINER'), ('people', 'NOUN'), ('in', 'PREPOSITION OR CONJUNCTION'), ('it', 'PRONOUN'), (',', 'COMMA'), ('staff', 'NOUN'), ('and', 'CONJUNCTION'), ('consumers', 'NOUN'), ('.', 'SENTENCE TERMINATOR')]",4
1680919898,dropXdeadXkr,"[('At', 'PREPOSITION OR CONJUNCTION'), ('the', 'DETERMINER'), ('carwash', 'NOUN'), (',', 'COMMA'), ('gdale', 'ADJECTIVE OR NUMERAL'), ('soon', 'ADVERB')]",4
1684956265,NZAfro,"[('@katelyniscool', 'USERNAME'), ('[', 'NOUN'), ('Meow', 'NOUN'), ('Out', 'NOUN'), ('Loud', 'NOUN'), (']', 'NOUN'), ('[', 'NOUN'), ('Meowing', 'NOUN'), ('My', 'NOUN'), ('Ass', 'NOUN'), ('Off', 'NOUN'), (']', 'NOUN'), ('[', 'NOUN'), ('Meowing', 'NOUN'), ('On', 'PREPOSITION OR CONJUNCTION'), ('the', 'DETERMINER'), ('Floor', 'NOUN'), ('Laughing', 'NOUN'), (']', 'NOUN')]",4
2012838220,alexrapa,"[('@cassiefasho', 'USERNAME'), ('They', 'PRONOUN'), ('never', 'ADVERB'), ('scare', 'VERB'), ('me', 'PRONOUN')]",0
1692257710,PoeticJustice88,"[('had', 'VERB'), ('a', 'DETERMINER'), ('great', 'ADJECTIVE OR NUMERAL'), ('day', 'NOUN'), ('.', 'SENTENCE TERMINATOR')]",4
1970764133,princess967,"[('says', 'VERB'), ('i', 'NOUN'), ('think', 'VERB'), ('i', 'NOUN'), ('sprained', 'VERB'), ('my', 'PRONOUN'), ('wrist', 'NOUN'), ('...', 'COLON OR ELLIPSIS'), ('ouch', 'ADJECTIVE OR NUMERAL'), ('http://plurk.com/p/x6vpl', 'URL')]",0
2256148755,ashiena,"[('http://twitpic.com/7xd9s', 'URL'), ('-', 'COLON OR ELLIPSIS'), ('Time', 'NOUN'), ('to', 'TO'), ('make', 'VERB'), ('the', 'DETERMINER'), ('brim', 'NOUN'), ('!', 'SENTENCE TERMINATOR'), ('Its', 'PRONOUN'), ('a', 'DETERMINER'), ('bad', 'ADJECTIVE OR NUMERAL'), ('pic', 'NOUN')]",0
2032156971,Chaos33176,"[('Reltionship', 'NOUN'), ('HATERS', 'NOUN'), ('...', 'COLON OR ELLIPSIS'), ('if', 'PREPOSITION OR CONJUNCTION'), ('u', 'NOUN'), ('mess', 'NOUN'), ('up', 'PREPOSITION OR CONJUNCTION'), ('anyones', 'NOUN'), ('relationship', 'NOUN'), (',', 'COMMA'), ('&', 'CONJUNCTION'), ('u', 'NOUN'), (""didn't"", 'NOUN'), ('get', 'VERB'), ('one', 'NUMERAL'), ('of', 'PREPOSITION OR CONJUNCTION'), ('the', 'DETERMINER'), ('people', 'NOUN'), ('out', 'PREPOSITION OR CONJUNCTION'), ('of', 'PREPOSITION OR CONJUNCTION'), ('that', 'DETERMINER'), ('relationship', 'NOUN'), ('...', 'COLON OR ELLIPSIS'), ('u', 'NOUN'), ('should', 'MODAL AUXILIARY'), ('die', 'VERB'), (',', 'COMMA'), ('twice', 'ADVERB')]",4
2053804529,BDiva89,"[('Up', 'ADVERB'), ('and', 'CONJUNCTION'), ('@', 'VERB'), ('it', 'PRONOUN'), ('...', 'COLON OR ELLIPSIS'), ('headed', 'VERB'), ('2', 'NUMERAL'), ('Philly', 'NOUN')]",4
1997830204,kindlejunkie,"[('@cheesivore', 'USERNAME'), ('That', 'DETERMINER'), ('bites', 'VERB'), ('.', 'SENTENCE TERMINATOR')]",0
1687307668,frolixwifbunneh,"[('March', 'NOUN'), ('of', 'PREPOSITION OR CONJUNCTION'), ('dimes', 'NOUN')]",4
1978127166,Reason21,"[('@ProClub', 'USERNAME'), ('hah', 'NOUN'), ('.', 'SENTENCE TERMINATOR'), ('True', 'NOUN'), ('that', 'DETERMINER'), ('.', 'SENTENCE TERMINATOR'), ('RIP', 'NOUN'), ('cavs', 'NOUN')]",0
2015754505,njohari,"[('went', 'VERB'), ('for', 'PREPOSITION OR CONJUNCTION'), ('job', 'NOUN'), ('briefing', 'VERB'), ('@', 'ADJECTIVE OR NUMERAL'), ('sgh', 'NOUN'), ('.', 'SENTENCE TERMINATOR'), ('looks', 'VERB'), ('promising', 'ADJECTIVE OR NUMERAL'), ('cos', 'NOUN'), ('got', 'VERB'), ('shortlisted', 'VERB'), ('.', 'SENTENCE TERMINATOR')]",4
2056041897,Ari978,"[('@ryanstar', 'USERNAME'), (""You've"", 'NOUN'), ('never', 'ADVERB'), ('had', 'VERB'), ('coffee', 'NOUN'), ('?', 'SENTENCE TERMINATOR'), ('!', 'SENTENCE TERMINATOR'), ('You', 'PRONOUN'), ('poor', 'ADJECTIVE OR NUMERAL'), ('deprived', 'VERB'), ('child', 'NOUN'), ('!', 'SENTENCE TERMINATOR')]",4
2181847653,Ari978,"[('@hermorrine', 'USERNAME'), ('@kristinec', 'USERNAME'), ('I', 'PRONOUN'), ('may', 'MODAL AUXILIARY'), ('try', 'VERB'), ('the', 'DETERMINER'), ('mummy', 'ADJECTIVE OR NUMERAL'), ('3', 'NUMERAL'), ('.', 'SENTENCE TERMINATOR'), (""I'm"", 'NOUN'), ('into', 'PREPOSITION OR CONJUNCTION'), ('mindless', 'ADJECTIVE OR NUMERAL'), ('entertainment', 'NOUN'), ('today', 'NOUN'), ('.', 'SENTENCE TERMINATOR')]",4
2228783593,Mousee,"[('Rip', 'NOUN'), ('gary', 'VERB'), ('the', 'DETERMINER'), ('apple', 'NOUN'), ('snail', 'NOUN'), ('killed', 'VERB'), ('by', 'PREPOSITION OR CONJUNCTION'), ('a', 'DETERMINER'), ('murderer', 'NOUN'), (':@', 'NOUN'), ('stupid', 'ADJECTIVE OR NUMERAL'), ('claude', 'NOUN'), ('fish', 'ADJECTIVE OR NUMERAL'), ('slapz', 'NOUN'), ('him', 'PRONOUN')]",0
2061907234,Reason21,"[('@cherry_lely', 'USERNAME'), ('aight', 'NOUN'), ('then', 'ADVERB'), ('...', 'COLON OR ELLIPSIS'), ('ima', 'ADVERB'), ('see', 'VERB'), ('if', 'PREPOSITION OR CONJUNCTION'), ('i', 'NOUN'), ('can', 'MODAL AUXILIARY'), ('grab', 'VERB'), ('one', 'NUMERAL'), ('on', 'PREPOSITION OR CONJUNCTION'), ('my', 'PRONOUN'), ('way', 'NOUN'), ('home', 'NOUN')]",4
2070168457,alexrapa,"[('I', 'PRONOUN'), (""can't"", 'VERB'), ('find', 'VERB'), ('my', 'PRONOUN'), ('fake', 'ADJECTIVE OR NUMERAL'), ('mustaches', 'NOUN'), ('I', 'PRONOUN'), ('guess', 'VERB'), ('I', 'PRONOUN'), ('could', 'MODAL AUXILIARY'), ('just', 'ADVERB'), ('grow', 'VERB'), ('one', 'NUMERAL'), ('.', 'SENTENCE TERMINATOR')]",0
1558845514,twinklydave,"[('@mattmagic', 'USERNAME'), ('i', 'NOUN'), ('want', 'VERB'), ('flapjack', 'NOUN')]",0
2052395336,annclavio,"[('its', 'PRONOUN'), ('humbling', 'NOUN'), ('and', 'CONJUNCTION'), ('a', 'DETERMINER'), ('big', 'ADJECTIVE OR NUMERAL'), ('responsibility', 'NOUN'), ('.', 'SENTENCE TERMINATOR'), ('thank', 'VERB'), ('God', 'NOUN'), ('for', 'PREPOSITION OR CONJUNCTION'), ('the', 'DETERMINER'), ('opportunity', 'NOUN'), ('you', 'PRONOUN'), ('sent', 'VERB'), ('my', 'PRONOUN'), ('way', 'NOUN'), ('!', 'SENTENCE TERMINATOR')]",4
1686728735,babyele,"[('The', 'DETERMINER'), ('bigger', 'ADJECTIVE'), ('picture', 'NOUN'), ('always', 'ADVERB'), ('tend', 'VERB'), ('to', 'TO'), ('make', 'VERB'), ('one', 'NUMERAL'), ('grow', 'VERB'), ('up', 'PREPOSITION OR CONJUNCTION'), ('..', 'ADVERB'), ('much', 'ADJECTIVE OR NUMERAL'), ('too', 'ADVERB'), ('fast', 'ADVERB'), ('.', 'SENTENCE TERMINATOR'), ('And', 'CONJUNCTION'), ('im', 'VERB'), ('only', 'ADVERB'), ('25', 'NUMERAL')]",0
1981412745,Chaos33176,"[('@MISSNBPASSION', 'USERNAME'), ('Ding', 'NOUN'), (',', 'COMMA'), ('ding', 'VERB'), (',', 'COMMA'), ('ding', 'VERB'), ('...', 'COLON OR ELLIPSIS'), (""didn't"", 'ADVERB'), ('receive', 'VERB'), ('any', 'DETERMINER'), ('fax', 'NOUN'), ('or', 'CONJUNCTION'), ('documentation', 'NOUN'), ('stating', 'VERB'), ('departure', 'NOUN'), ('or', 'CONJUNCTION'), ('arrival', 'NOUN'), ('dates', 'NOUN'), ('...', 'COLON OR ELLIPSIS'), ('this', 'DETERMINER'), ('Twit', 'NOUN'), ('Marriage', 'NOUN'), ('is', 'VERB'), ('OVER', 'PREPOSITION OR CONJUNCTION')]",0
1470233570,twinklydave,"[('almost', 'ADVERB'), ('time', 'NOUN'), ('for', 'PREPOSITION OR CONJUNCTION'), ('a', 'DETERMINER'), ('ride', 'NOUN'), ('.', 'SENTENCE TERMINATOR'), ('Q', 'NOUN'), (':', 'COLON OR ELLIPSIS'), ('will', 'MODAL AUXILIARY'), ('i', 'VERB'), ('get', 'VERB'), ('it', 'PRONOUN'), ('done', 'VERB'), ('and', 'CONJUNCTION'), ('stay', 'VERB'), ('dry', 'ADJECTIVE OR NUMERAL'), ('?', 'SENTENCE TERMINATOR'), ('A', 'DETERMINER'), (':', 'COLON OR ELLIPSIS'), ('No', 'NOUN'), ('.', 'SENTENCE TERMINATOR'), ('cos', 'VERB'), ('my', 'PRONOUN'), ('shoes', 'NOUN'), ('are', 'VERB'), ('still', 'ADVERB'), ('sopping', 'VERB'), ('from', 'PREPOSITION OR CONJUNCTION'), ('yesterday', 'NOUN'), ('.', 'SENTENCE TERMINATOR'), ('boo', 'NOUN'), ('.', 'SENTENCE TERMINATOR')]",0
1996520211,lilmisskeys,"[('jus', 'NOUN'), ('got', 'VERB'), ('off', 'PARTICLE'), ('work', 'NOUN'), ('...', 'COLON OR ELLIPSIS'), ('feelin', 'NOUN'), ('terrible', 'ADJECTIVE OR NUMERAL')]",0
2039709434,dropXdeadXkr,"[('things', 'NOUN'), ('will', 'MODAL AUXILIARY'), ('get', 'VERB'), ('better', 'ADJECTIVE'), ('!', 'SENTENCE TERMINATOR'), ('I', 'PRONOUN'), ('pinky', 'VERB'), ('promise', 'NOUN')]",0
2179198249,LarrfulBuck,"[('Hi', 'NOUN'), (""I'm"", 'NOUN'), ('@', 'NOUN'), ('my', 'PRONOUN'), (""cousin's"", 'NOUN'), ('house', 'NOUN'), ('!', 'SENTENCE TERMINATOR'), (""We're"", 'NOUN'), ('gonna', 'NOUN'), ('leave', 'VERB'), ('soon', 'ADVERB'), (',', 'COMMA'), ('but', 'CONJUNCTION'), ('I', 'PRONOUN'), ('had', 'VERB'), ('such', 'ADJECTIVE OR NUMERAL'), ('a', 'DETERMINER'), ('great', 'ADJECTIVE OR NUMERAL'), ('time', 'NOUN'), ('!', 'SENTENCE TERMINATOR'), ('Talk', 'NOUN'), ('to', 'TO'), (""ya'll"", 'VERB'), ('soon', 'ADVERB')]",4
1984129708,Chaos33176,"[('@AshleeFord', 'USERNAME'), ('I', 'PRONOUN'), (""don't"", 'VERB'), ('want', 'ADJECTIVE OR NUMERAL'), ('u', 'NOUN'), ('back', 'ADVERB')]",0
2052791510,annclavio,"[('preparing', 'VERB'), ('lesson', 'ADJECTIVE OR NUMERAL'), ('number', 'NOUN'), ('1', 'NUMERAL')]",4
2324288085,twinklydave,"[('when', 'ADVERB'), ('did', 'VERB'), ('the', 'DETERMINER'), ('strawberry', 'NOUN'), ('duck', 'NOUN'), ('close', 'ADVERB'), ('?', 'SENTENCE TERMINATOR'), ('!', 'SENTENCE TERMINATOR'), ('nightmare', 'NOUN'), ('!', 'SENTENCE TERMINATOR'), ('where', 'ADVERB'), ('am', 'VERB'), ('i', 'ADVERB'), ('going', 'VERB'), ('to', 'TO'), ('get', 'VERB'), ('a', 'DETERMINER'), ('pint', 'NOUN'), ('of', 'PREPOSITION OR CONJUNCTION'), ('timothy', 'ADJECTIVE OR NUMERAL'), ('taylor', 'NOUN'), ('while', 'PREPOSITION OR CONJUNCTION'), ('riding', 'VERB'), ('through', 'PREPOSITION OR CONJUNCTION'), ('entwistle', 'NOUN'), ('now', 'ADVERB')]",0
2013414854,Ari978,"[('Am', 'ADVERB'), ('going', 'VERB'), ('to', 'TO'), ('bed', 'VERB'), ('before', 'PREPOSITION OR CONJUNCTION'), ('I', 'PRONOUN'), ('have', 'VERB'), ('a', 'DETERMINER'), ('complete', 'ADJECTIVE OR NUMERAL'), ('spaz', 'NOUN'), ('about', 'PREPOSITION OR CONJUNCTION'), ('real', 'ADJECTIVE OR NUMERAL'), ('estate', 'NOUN'), ('.', 'SENTENCE TERMINATOR'), ('Good', 'ADJECTIVE OR NUMERAL'), ('night', 'NOUN'), (',', 'COMMA'), ('all', 'DETERMINER'), ('(', 'OPENING PARENTHESIS'), ('Good', 'ADJECTIVE OR NUMERAL'), ('morning', 'NOUN'), ('to', 'TO'), ('@tequilasam', 'USERNAME'), (')', 'CLOSING PARENTHESIS')]",4
1834107858,babyele,"[('Heading', 'VERB'), ('to', 'TO'), ('ntuc', 'VERB'), ('at', 'PREPOSITION OR CONJUNCTION'), ('jurong', 'ADJECTIVE OR NUMERAL'), ('point', 'NOUN'), ('to', 'TO'), ('grab', 'VERB'), ('some', 'DETERMINER'), ('veges', 'NOUN'), ('.', 'SENTENCE TERMINATOR'), ('I', 'PRONOUN'), ('think', 'VERB'), ('im', 'ADVERB'), ('going', 'VERB'), ('to', 'TO'), ('cook', 'VERB'), ('vege', 'NOUN'), ('soup', 'NOUN'), ('today', 'NOUN'), ('for', 'PREPOSITION OR CONJUNCTION'), ('my', 'PRONOUN'), ('dinner', 'NOUN')]",4
1978348323,PoeticJustice88,"[('@Hollywoodheat', 'USERNAME'), ('thanks', 'NOUN'), ('.', 'SENTENCE TERMINATOR'), ('i', 'ADJECTIVE OR NUMERAL'), ('dont', 'NOUN'), ('know', 'VERB'), ('what', 'PRONOUN'), ('to', 'TO'), ('do', 'VERB'), ('with', 'PREPOSITION OR CONJUNCTION'), ('them', 'PRONOUN'), ('now', 'ADVERB'), ('.', 'SENTENCE TERMINATOR')]",4
2232449692,alexrapa,"[('@fffence', 'USERNAME'), ('I', 'PRONOUN'), ('know', 'VERB'), ('right', 'ADVERB'), ('!', 'SENTENCE TERMINATOR'), ('Apparently', 'ADVERB'), ('everyone', 'NOUN'), ('else', 'ADJECTIVE OR NUMERAL'), ('knows', 'VERB'), ('though', 'PREPOSITION OR CONJUNCTION')]",0
1979775324,alexrapa,"[('@primehex', 'USERNAME'), ('I', 'PRONOUN'), (""didn't"", 'VERB'), ('know', 'VERB'), ('you', 'PRONOUN'), ('did', 'VERB'), ('that', 'PREPOSITION OR CONJUNCTION')]",0
1833939871,lewisreilly,"[('Time', 'NOUN'), ('for', 'PREPOSITION OR CONJUNCTION'), ('uni', 'ADJECTIVE OR NUMERAL'), (',', 'COMMA'), ('and', 'CONJUNCTION'), ('what', 'PRONOUN'), ('could', 'MODAL AUXILIARY'), ('be', 'VERB'), ('the', 'DETERMINER'), ('biggest', 'ADJECTIVE'), ('study', 'NOUN'), ('session', 'NOUN'), ('ever', 'ADVERB'), ('.', 'SENTENCE TERMINATOR'), ('Really', 'ADVERB'), ('wish', 'ADJECTIVE OR NUMERAL'), ('you', 'PRONOUN'), ('could', 'MODAL AUXILIARY'), ('get', 'VERB'), ('a', 'DETERMINER'), ('good', 'ADJECTIVE OR NUMERAL'), ('cup', 'NOUN'), ('of', 'PREPOSITION OR CONJUNCTION'), ('tea', 'NOUN'), ('after', 'PREPOSITION OR CONJUNCTION'), ('5pm', 'NUMERAL'), ('in', 'PREPOSITION OR CONJUNCTION'), ('Jordanstown', 'NOUN')]",0
1556778169,NZAfro,"[('@johnlacey', 'USERNAME'), ('Right', 'ADVERB'), (',', 'COMMA'), (""I'm"", 'NOUN'), ('giving', 'VERB'), ('up', 'PARTICLE'), ('then', 'ADVERB'), ('.', 'SENTENCE TERMINATOR')]",4
2060750303,nrl007,"[('aww', 'NOUN'), ('miley', 'NOUN'), ('and', 'CONJUNCTION'), ('mitchel', 'NOUN'), (',', 'COMMA'), ('singing', 'NOUN'), (',', 'COMMA'), ('OMG', 'NOUN')]",4
2058707961,LarrfulBuck,"[('@MGiraudOfficial', 'USERNAME'), ('OMG', 'PREPOSITION OR CONJUNCTION'), ('I', 'PRONOUN'), ('can', 'MODAL AUXILIARY'), ('not', 'ADVERB'), ('wait', 'VERB'), ('to', 'TO'), ('see', 'VERB'), ('you', 'PRONOUN'), ('!', 'SENTENCE TERMINATOR'), ('!', 'SENTENCE TERMINATOR'), ('!', 'SENTENCE TERMINATOR'), ('Maybe', 'ADVERB'), ('sing', 'VERB'), ('Stayin', 'NOUN'), (""'"", 'GENITIVE MARKER'), ('Alive', 'NOUN'), ('?', 'SENTENCE TERMINATOR'), ('Pls', 'NOUN'), ('?', 'SENTENCE TERMINATOR')]",4
2052851526,annclavio,"[('enjoying', 'VERB'), ('the', 'DETERMINER'), ('merienda', 'NOUN'), ('mom', 'NOUN'), ('prepared', 'VERB'), ('...', 'COLON OR ELLIPSIS'), ('saging', 'VERB'), ('na', 'ADJECTIVE OR NUMERAL'), ('saba', 'NOUN'), ('cooked', 'VERB'), ('in', 'PREPOSITION OR CONJUNCTION'), ('salabat', 'NOUN'), ('.', 'SENTENCE TERMINATOR'), ('sarap', 'NOUN'), ('for', 'PREPOSITION OR CONJUNCTION'), ('a', 'DETERMINER'), ('cold', 'ADJECTIVE OR NUMERAL'), ('rainy', 'NOUN'), ('day', 'NOUN'), ('!', 'SENTENCE TERMINATOR')]",4
1986106277,get_l00se,"[('rucker', 'NOUN'), ('just', 'ADVERB'), ('left', 'VERB'), ('I', 'PRONOUN'), ('have', 'VERB'), ('got', 'VERB'), ('the', 'DETERMINER'), ('most', 'ADVERB'), ('amazing', 'ADJECTIVE OR NUMERAL'), ('boy', 'NOUN'), ('a', 'DETERMINER'), ('girl', 'NOUN'), ('could', 'MODAL AUXILIARY'), ('ask', 'VERB'), ('for', 'PREPOSITION OR CONJUNCTION')]",0
2065714436,twinklydave,"[('I', 'PRONOUN'), ('do', 'VERB'), ('not', 'ADVERB'), ('like', 'PREPOSITION OR CONJUNCTION'), ('riding', 'VERB'), ('when', 'ADVERB'), (""it's"", 'NOUN'), ('windy', 'NOUN'), ('.', 'SENTENCE TERMINATOR'), ('Even', 'ADVERB'), ('tailwinds', 'VERB'), ('piss', 'VERB'), ('me', 'PRONOUN'), ('off', 'PARTICLE'), ('no', 'DETERMINER'), ('end', 'NOUN'), ('.', 'SENTENCE TERMINATOR'), ('I', 'PRONOUN'), ('do', 'VERB'), (',', 'COMMA'), ('however', 'ADVERB'), (',', 'COMMA'), ('like', 'PREPOSITION OR CONJUNCTION'), ('a', 'DETERMINER'), ('nice', 'ADJECTIVE OR NUMERAL'), ('cup', 'NOUN'), ('of', 'PREPOSITION OR CONJUNCTION'), ('tea', 'NOUN'), ('and', 'CONJUNCTION'), ('pasty', 'NOUN'), ('when', 'ADVERB'), ('I', 'PRONOUN'), ('get', 'VERB'), ('home', 'NOUN')]",4
